<?xml version="1.0" encoding="utf-8" ?>

<Defs>

  <ThingDef ParentName="ResourceBase" Name="WoolBaseMuffaux" Abstract="True">
    <stackLimit>100</stackLimit>
    <graphicData>
      <texPath>Things/Item/Resource/Wool</texPath>
      <graphicClass>Graphic_Single</graphicClass>
    </graphicData>
    <statBases>
      <MaxHitPoints>90</MaxHitPoints>
      <MarketValue>2.7</MarketValue>
      <Mass>0.028</Mass>
      <Flammability>1.7</Flammability>
      <DeteriorationRate>3.4</DeteriorationRate>
      <StuffPower_Armor_Sharp>0.36</StuffPower_Armor_Sharp>
      <StuffPower_Armor_Blunt>0.00</StuffPower_Armor_Blunt>
      <StuffPower_Armor_Heat>0.36</StuffPower_Armor_Heat>
    </statBases>
    <stuffProps>
      <statFactors>
        <Flammability>1.7</Flammability>
      </statFactors>
      <categories>
        <li>Fabric</li>
      </categories>
      <commonality>0.12</commonality>
    </stuffProps>
    <thingCategories>
      <li>Textiles</li>
    </thingCategories>
  </ThingDef>

  <ThingDef ParentName="WoolBaseMuffaux">
    <defName>WoolMuffaux</defName>
    <label>Muffaux Wool</label>
    <description>Imitation muffalo wool harvested from genetically-engineered plants. The lack of warm, fuzzy memories from rearing muffalo means that it is slightly less effective at heat insulation.</description>
    <graphicData>
      <color>(179,192,186)</color>
    </graphicData>
    <stuffProps>
      <color>(179,192,186)</color>
      <statOffsets>
        <ArmorRating_Heat>0.08</ArmorRating_Heat>
      </statOffsets>
      <statFactors>
        <ArmorRating_Sharp>1.1</ArmorRating_Sharp>
        <ArmorRating_Heat>2.2</ArmorRating_Heat>
        <Insulation_Cold>2.9</Insulation_Cold>
        <Insulation_Heat>2.9</Insulation_Heat>
      </statFactors>
    </stuffProps>
   </ThingDef>
   
</Defs>