<?xml version="1.0" encoding="utf-8" ?>

<Defs>

 <ThingDef ParentName="PlantBaseMuffaux">
		<defName>Plant_MuffauxPotato</defName>
		<label>Muffauxtato plant</label>
		<description>One of the losers who got tricked into creating the Muffaux Tree thought that it would fun to use that mad science as a prank and thus the Muffauxtato was created. Potato on the inside, wool on the inside. Please don't feed it to anybody.</description>
		<statBases>
			<MaxHitPoints>85</MaxHitPoints>
			<Nutrition>0.05</Nutrition>
		</statBases>
		<graphicData>
			<texPath>Things/Plant/PotatoPlant</texPath>
			<graphicClass>Graphic_Random</graphicClass>
		</graphicData>
		<selectable>true</selectable>
    <pathCost>10</pathCost>
    <ingestible />
    <plant>
			<fertilitySensitivity>0.35</fertilitySensitivity>
			<dieIfLeafless>true</dieIfLeafless>
			<harvestTag>Standard</harvestTag>
			<harvestedThingDef>WoolMuffaux</harvestedThingDef>
			<harvestYield>9</harvestYield>
			<sowTags>
				<li>Ground</li>
				<li>Hydroponic</li>
			</sowTags>
			<sowMinSkill>9</sowMinSkill>
			<topWindExposure>0.1</topWindExposure>
			<growDays>5.8</growDays>
			<visualSizeRange>
        <min>0.3</min>
        <max>1.05</max>
      </visualSizeRange>
    </plant>
 </ThingDef>
			
 <ThingDef ParentName="PlantBaseMuffaux">
		<defName>Plant_Muffauxshroom</defName>
		<label>Muffaux Shroom</label>
		<description>The vegetarian response to muffaux wool. The Muffaux Shroom looks like a mushroom but it's composition is that of muffalo flesh. Despite being scientifically indistinguishable from muffalo flesh it still tastes like chicken. Requires a hydroponics basin.</description>
		<statBases>
			<MaxHitPoints>85</MaxHitPoints>
			<Nutrition>0.20</Nutrition>
		</statBases>
		<graphicData>
			<texPath>Things/Plant/Devilstrand</texPath>
			<graphicClass>Graphic_Random</graphicClass>
		</graphicData>
		<selectable>true</selectable>
    <pathCost>10</pathCost>
    <ingestible />
    <plant>
			<fertilitySensitivity>0.35</fertilitySensitivity>
			<dieIfLeafless>true</dieIfLeafless>
			<harvestTag>Standard</harvestTag>
			<harvestedThingDef>Meat_Muffalo</harvestedThingDef>
			<harvestYield>12</harvestYield>
			<sowTags>
				<li>Hydroponic</li>
			</sowTags>
			<sowMinSkill>11</sowMinSkill>
			<topWindExposure>0.1</topWindExposure>
			<growDays>11.3</growDays>
			<visualSizeRange>
        <min>0.3</min>
        <max>1.05</max>
      </visualSizeRange>
    </plant>
 </ThingDef>

 <ThingDef ParentName="TreeBaseMuffaux">
    <defName>Plant_MuffauxTree</defName>
    <label>Muffaux tree</label>
    <description>Somebody namd Shirley Goldsome once mistook a low-lying tree laying atop of a muffalo as a new species of tree and thought "hey, why shouldn't that be a thing." They roped in a few suckers and thus the muffaux tree was born. If a muffalo turned into a tree. Provides wood and muffaux wool.</description>
    <graphicData>
      <texPath>Things/Plant/TreeWillow</texPath>
      <graphicClass>Graphic_Random</graphicClass>
      <color>(179,192,186)</color>
      <shadowData>
        <volume>(0.2, 0.3, 0.13)</volume>
        <offset>(0,0,-0.44)</offset>
      </shadowData>
    </graphicData>
    <statBases>
      <Beauty>8</Beauty>
    </statBases>
    <plant>
      <growDays>17</growDays>
      <leaflessGraphicPath>Things/Plant/TreeWillow_Leafless</leaflessGraphicPath>
      <harvestWork>700</harvestWork>
      <harvestYield>20</harvestYield>
	  <harvestedThingDef>WoolMuffaux</harvestedThingDef>
    </plant>
	<comps>
        <li Class="CompProperties_Shearable">
            <woolDef>WoolMuffaux</woolDef>
            <shearIntervalDays>25</shearIntervalDays>
            <woolAmount>40</woolAmount>
        </li>
    </comps>
 </ThingDef>



</Defs>